{"cameraMode":{"drawMode":0,"name":"Shaded","section":"Shading Mode"},"sceneLighting":true,"audioPlay":false,"sceneViewState":{"showFog":true,"showMaterialUpdate":false,"showSkybox":true,"showFlares":true,"showImageEffects":true,"showParticleSystems":true},"in2DMode":false,"pivot":{"x":-0.27954190969467165,"y":-11.388587951660157,"z":-2.015625},"rotation":{"x":0.001362658804282546,"y":0.9985451102256775,"z":-0.04466696456074715,"w":0.030573468655347825},"size":93.43097686767578,"orthographic":true}