{"cameraMode":{"drawMode":0,"name":"Shaded","section":"Shading Mode"},"sceneLighting":true,"audioPlay":false,"sceneViewState":{"showFog":true,"showMaterialUpdate":false,"showSkybox":true,"showFlares":true,"showImageEffects":true,"showParticleSystems":true},"in2DMode":false,"pivot":{"x":517.4364013671875,"y":293.7015380859375,"z":86.63309478759766},"rotation":{"x":0.004188925493508577,"y":-0.07972751557826996,"z":0.00033267398248426616,"w":0.9968212842941284},"size":597.120361328125,"orthographic":true}