{"cameraMode":{"drawMode":0,"name":"Shaded","section":"Shading Mode"},"sceneLighting":false,"audioPlay":false,"sceneViewState":{"showFog":true,"showMaterialUpdate":false,"showSkybox":false,"showFlares":true,"showImageEffects":true,"showParticleSystems":true},"in2DMode":false,"pivot":{"x":-0.9931959509849548,"y":1.9726992845535279,"z":-4.050158977508545},"rotation":{"x":-0.04029393568634987,"y":0.745286226272583,"z":-0.04522693529725075,"w":-0.6640026569366455},"size":6.1465888023376469,"orthographic":true}