{"cameraMode":{"drawMode":0,"name":"Shaded","section":"Shading Mode"},"sceneLighting":false,"audioPlay":false,"sceneViewState":{"showFog":true,"showMaterialUpdate":false,"showSkybox":false,"showFlares":true,"showImageEffects":true,"showParticleSystems":true},"in2DMode":false,"pivot":{"x":1.8001410961151124,"y":2.292948007583618,"z":-4.1965460777282719},"rotation":{"x":0.006379118654876947,"y":-0.99250727891922,"z":0.10671520978212357,"w":0.05931498482823372},"size":4.136066913604736,"orthographic":true}