{"cameraMode":{"drawMode":0,"name":"Shaded","section":"Shading Mode"},"sceneLighting":true,"audioPlay":false,"sceneViewState":{"showFog":true,"showMaterialUpdate":false,"showSkybox":true,"showFlares":true,"showImageEffects":true,"showParticleSystems":true},"in2DMode":false,"pivot":{"x":-26.415603637695314,"y":12.071187973022461,"z":55.236297607421878},"rotation":{"x":0.006379118654876947,"y":-0.99250727891922,"z":0.10671520978212357,"w":0.05931498482823372},"size":80.0724105834961,"orthographic":true}