{"cameraMode":{"drawMode":0,"name":"Shaded","section":"Shading Mode"},"sceneLighting":false,"audioPlay":false,"sceneViewState":{"showFog":true,"showMaterialUpdate":false,"showSkybox":false,"showFlares":true,"showImageEffects":true,"showParticleSystems":true},"in2DMode":false,"pivot":{"x":-29.761369705200197,"y":0.07999995350837708,"z":79.4263687133789},"rotation":{"x":0.006379118654876947,"y":-0.99250727891922,"z":0.10671520978212357,"w":0.05931498482823372},"size":4.547170639038086,"orthographic":true}