{"cameraMode":{"drawMode":0,"name":"Shaded","section":"Shading Mode"},"sceneLighting":true,"audioPlay":false,"sceneViewState":{"showFog":true,"showMaterialUpdate":false,"showSkybox":true,"showFlares":true,"showImageEffects":true,"showParticleSystems":true},"in2DMode":false,"pivot":{"x":-0.27954190969467165,"y":-11.388587951660157,"z":-2.015625},"rotation":{"x":-0.10673502832651138,"y":0.7958092093467712,"z":-0.14703327417373658,"w":-0.5776696801185608},"size":353.0252685546875,"orthographic":true}