{"cameraMode":{"drawMode":0,"name":"Shaded","section":"Shading Mode"},"sceneLighting":false,"audioPlay":false,"sceneViewState":{"showFog":false,"showMaterialUpdate":false,"showSkybox":false,"showFlares":false,"showImageEffects":false,"showParticleSystems":false},"in2DMode":false,"pivot":{"x":1.7926406860351563,"y":2.345529079437256,"z":-5.826593399047852},"rotation":{"x":0.44719335436820986,"y":-0.5519999861717224,"z":0.5173465609550476,"w":0.4771539568901062},"size":4.806447982788086,"orthographic":true}